"Flyvninger i alt";"2001M01";787;143;644
"Flyvninger i alt";"2001M02";779;141;638
"Flyvninger i alt";"2001M03";933;168;765
"Flyvninger i alt";"2001M04";901;143;758
"Flyvninger i alt";"2001M05";999;178;822
"Flyvninger i alt";"2001M06";1109;167;942
"Flyvninger i alt";"2001M07";1068;132;936
"Flyvninger i alt";"2001M08";1048;168;880
"Flyvninger i alt";"2001M09";1014;166;848
"Flyvninger i alt";"2001M10";907;155;752
"Flyvninger i alt";"2001M11";785;145;640
"Flyvninger i alt";"2001M12";697;117;580
"Flyvninger i alt";"2002M01";732;124;608
"Flyvninger i alt";"2002M02";744;125;619
"Flyvninger i alt";"2002M03";887;142;744
"Flyvninger i alt";"2002M04";906;156;750
"Flyvninger i alt";"2002M05";974;164;810
"Flyvninger i alt";"2002M06";1116;158;958
"Flyvninger i alt";"2002M07";1038;121;918
"Flyvninger i alt";"2002M08";1009;151;858
"Flyvninger i alt";"2002M09";1034;160;875
"Flyvninger i alt";"2002M10";979;156;823
"Flyvninger i alt";"2002M11";811;141;670
"Flyvninger i alt";"2002M12";731;116;615
"Flyvninger i alt";"2003M01";717;121;595
"Flyvninger i alt";"2003M02";723;119;604
"Flyvninger i alt";"2003M03";844;137;706
"Flyvninger i alt";"2003M04";830;130;700
"Flyvninger i alt";"2003M05";933;146;786
"Flyvninger i alt";"2003M06";1076;144;933
"Flyvninger i alt";"2003M07";1001;109;892
"Flyvninger i alt";"2003M08";997;138;859
"Flyvninger i alt";"2003M09";1009;153;856
"Flyvninger i alt";"2003M10";975;152;823
"Flyvninger i alt";"2003M11";808;134;675
"Flyvninger i alt";"2003M12";734;110;624
"Flyvninger i alt";"2004M01";728;114;614
"Flyvninger i alt";"2004M02";786;118;668
"Flyvninger i alt";"2004M03";925;143;782
"Flyvninger i alt";"2004M04";915;128;787
"Flyvninger i alt";"2004M05";998;141;857
"Flyvninger i alt";"2004M06";1191;153;1039
"Flyvninger i alt";"2004M07";1090;112;978
"Flyvninger i alt";"2004M08";1028;137;891
"Flyvninger i alt";"2004M09";1079;152;927
"Flyvninger i alt";"2004M10";1016;141;875
"Flyvninger i alt";"2004M11";858;139;718
"Flyvninger i alt";"2004M12";776;113;663
"Flyvninger i alt";"2005M01";784;120;664
"Flyvninger i alt";"2005M02";791;114;677
"Flyvninger i alt";"2005M03";936;128;808
"Flyvninger i alt";"2005M04";938;139;799
"Flyvninger i alt";"2005M05";1025;141;885
"Flyvninger i alt";"2005M06";1225;153;1072
"Flyvninger i alt";"2005M07";1165;121;1045
"Flyvninger i alt";"2005M08";1079;140;939
"Flyvninger i alt";"2005M09";1155;164;991
"Flyvninger i alt";"2005M10";1103;155;948
"Flyvninger i alt";"2005M11";930;156;774
"Flyvninger i alt";"2005M12";847;133;714
"Flyvninger i alt";"2006M01";824;125;699
"Flyvninger i alt";"2006M02";855;131;724
"Flyvninger i alt";"2006M03";995;161;834
"Flyvninger i alt";"2006M04";986;137;850
"Flyvninger i alt";"2006M05";1091;161;930
"Flyvninger i alt";"2006M06";1240;159;1081
"Flyvninger i alt";"2006M07";1228;125;1103
"Flyvninger i alt";"2006M08";1114;151;963
"Flyvninger i alt";"2006M09";1163;170;993
"Flyvninger i alt";"2006M10";1126;171;955
"Flyvninger i alt";"2006M11";958;162;795
"Flyvninger i alt";"2006M12";867;138;729
"Flyvninger i alt";"2007M01";885;148;737
"Flyvninger i alt";"2007M02";864;131;733
"Flyvninger i alt";"2007M03";1096;175;921
"Flyvninger i alt";"2007M04";971;141;830
"Flyvninger i alt";"2007M05";1129;168;960
"Flyvninger i alt";"2007M06";1273;178;1095
"Flyvninger i alt";"2007M07";1322;150;1171
"Flyvninger i alt";"2007M08";1193;174;1019
"Flyvninger i alt";"2007M09";1211;173;1037
"Flyvninger i alt";"2007M10";1178;180;999
"Flyvninger i alt";"2007M11";1004;181;823
"Flyvninger i alt";"2007M12";910;147;763
"Flyvninger i alt";"2008M01";918;150;769
"Flyvninger i alt";"2008M02";972;150;822
"Flyvninger i alt";"2008M03";1074;156;918
"Flyvninger i alt";"2008M04";1079;171;908
"Flyvninger i alt";"2008M05";1179;177;1002
"Flyvninger i alt";"2008M06";1323;179;1144
"Flyvninger i alt";"2008M07";1319;141;1178
"Flyvninger i alt";"2008M08";1189;161;1028
"Flyvninger i alt";"2008M09";1197;174;1022
"Flyvninger i alt";"2008M10";1137;167;969
"Flyvninger i alt";"2008M11";892;155;737
"Flyvninger i alt";"2008M12";813;126;687
"Flyvninger i alt";"2009M01";788;131;658
"Flyvninger i alt";"2009M02";797;134;663
"Flyvninger i alt";"2009M03";930;161;769
"Flyvninger i alt";"2009M04";966;150;816
"Flyvninger i alt";"2009M05";1040;164;877
"Flyvninger i alt";"2009M06";1214;180;1034
"Flyvninger i alt";"2009M07";1230;148;1082
"Flyvninger i alt";"2009M08";1105;162;943
"Flyvninger i alt";"2009M09";1129;188;941
"Flyvninger i alt";"2009M10";1118;189;928
"Flyvninger i alt";"2009M11";917;183;733
"Flyvninger i alt";"2009M12";853;151;702
"Flyvninger i alt";"2010M01";849;161;688
"Flyvninger i alt";"2010M02";899;176;723
"Flyvninger i alt";"2010M03";1117;218;899
"Flyvninger i alt";"2010M04";779;142;637
"Flyvninger i alt";"2010M05";1178;212;966
"Flyvninger i alt";"2010M06";1353;223;1130
"Flyvninger i alt";"2010M07";1407;189;1218
"Flyvninger i alt";"2010M08";1253;210;1043
"Flyvninger i alt";"2010M09";1278;227;1051
"Flyvninger i alt";"2010M10";1275;221;1054
"Flyvninger i alt";"2010M11";1025;216;809
"Flyvninger i alt";"2010M12";940;180;760
"Flyvninger i alt";"2011M01";923;178;745
"Flyvninger i alt";"2011M02";937;178;759
"Flyvninger i alt";"2011M03";1090;211;880
"Flyvninger i alt";"2011M04";1126;190;937
"Flyvninger i alt";"2011M05";1256;219;1036
"Flyvninger i alt";"2011M06";1382;205;1177
"Flyvninger i alt";"2011M07";1437;172;1264
"Flyvninger i alt";"2011M08";1268;193;1076
"Flyvninger i alt";"2011M09";1327;212;1115
"Flyvninger i alt";"2011M10";1273;203;1069
"Flyvninger i alt";"2011M11";1059;202;857
"Flyvninger i alt";"2011M12";981;169;812
"Flyvninger i alt";"2012M01";961;164;797
"Flyvninger i alt";"2012M02";984;161;823
"Flyvninger i alt";"2012M03";1167;187;980
"Flyvninger i alt";"2012M04";1125;162;963
"Flyvninger i alt";"2012M05";1212;141;1071
"Flyvninger i alt";"2012M06";1391;151;1240
"Flyvninger i alt";"2012M07";1446;116;1330
"Flyvninger i alt";"2012M08";1252;141;1110
"Flyvninger i alt";"2012M09";1320;166;1154
"Flyvninger i alt";"2012M10";1285;176;1110
"Flyvninger i alt";"2012M11";1067;171;895
"Flyvninger i alt";"2012M12";974;133;842
"Flyvninger i alt";"2013M01";937;134;803
"Flyvninger i alt";"2013M02";961;132;829
"Flyvninger i alt";"2013M03";1146;141;1004
"Flyvninger i alt";"2013M04";1160;157;1003
"Flyvninger i alt";"2013M05";1304;169;1134
"Flyvninger i alt";"2013M06";1474;169;1305
"Flyvninger i alt";"2013M07";1524;137;1387
"Flyvninger i alt";"2013M08";1331;154;1177
"Flyvninger i alt";"2013M09";1368;174;1194
"Flyvninger i alt";"2013M10";1336;175;1162
"Flyvninger i alt";"2013M11";1071;167;904
"Flyvninger i alt";"2013M12";1023;140;883
"Flyvninger i alt";"2014M01";974;138;835
"Flyvninger i alt";"2014M02";998;137;861
"Flyvninger i alt";"2014M03";1183;167;1017
"Flyvninger i alt";"2014M04";1305;157;1148
"Flyvninger i alt";"2014M05";1402;175;1227
"Flyvninger i alt";"2014M06";1562;178;1384
"Flyvninger i alt";"2014M07";1612;139;1473
"Flyvninger i alt";"2014M08";1415;159;1256
"Flyvninger i alt";"2014M09";1438;179;1259
"Flyvninger i alt";"2014M10";1406;176;1230
"Flyvninger i alt";"2014M11";1080;156;924
"Flyvninger i alt";"2014M12";1045;134;911
"Flyvninger i alt";"2015M01";979;129;851
"Flyvninger i alt";"2015M02";1001;131;869
"Flyvninger i alt";"2015M03";1242;159;1083
"Flyvninger i alt";"2015M04";1227;149;1078
"Flyvninger i alt";"2015M05";1387;160;1227
"Flyvninger i alt";"2015M06";1580;178;1402
"Flyvninger i alt";"2015M07";1675;136;1538
"Flyvninger i alt";"2015M08";1491;159;1332
"Flyvninger i alt";"2015M09";1522;173;1348
"Flyvninger i alt";"2015M10";1486;169;1317
"Flyvninger i alt";"2015M11";1202;167;1034
"Flyvninger i alt";"2015M12";1161;145;1016
"Flyvninger i alt";"2016M01";1092;135;957
"Flyvninger i alt";"2016M02";1155;140;1015
"Flyvninger i alt";"2016M03";1343;162;1181
"Flyvninger i alt";"2016M04";1345;161;1184
"Flyvninger i alt";"2016M05";1526;178;1348
"Flyvninger i alt";"2016M06";1716;186;1530
"Flyvninger i alt";"2016M07";1813;144;1669
"Flyvninger i alt";"2016M08";1572;165;1407
"Flyvninger i alt";"2016M09";1633;183;1450
"Flyvninger i alt";"2016M10";1599;175;1424
"Flyvninger i alt";"2016M11";1266;172;1094
"Flyvninger i alt";"2016M12";1242;148;1094
"Flyvninger i alt";"2017M01";1165;142;1023
"Flyvninger i alt";"2017M02";1168;133;1035
"Flyvninger i alt";"2017M03";1350;166;1184
"Flyvninger i alt";"2017M04";1415;146;1269
"Flyvninger i alt";"2017M05";1544;170;1374
"Flyvninger i alt";"2017M06";1738;174;1564
"Flyvninger i alt";"2017M07";1822;131;1692
"Flyvninger i alt";"2017M08";1593;160;1433
"Flyvninger i alt";"2017M09";1643;173;1471
"Flyvninger i alt";"2017M10";1589;170;1419
"Flyvninger i alt";"2017M11";1240;163;1077
"Flyvninger i alt";"2017M12";1209;138;1071
"Flyvninger i alt";"2018M01";1146;135;1010
"Flyvninger i alt";"2018M02";1176;131;1045
"Flyvninger i alt";"2018M03";1449;156;1293
"Flyvninger i alt";"2018M04";1445;159;1287
"Flyvninger i alt";"2018M05";1645;172;1473
"Flyvninger i alt";"2018M06";1829;176;1654
"Flyvninger i alt";"2018M07";1924;142;1782
"Flyvninger i alt";"2018M08";1669;165;1504
"Flyvninger i alt";"2018M09";1713;172;1541
"Flyvninger i alt";"2018M10";1647;169;1478
"Flyvninger i alt";"2018M11";1291;156;1135
"Flyvninger i alt";"2018M12";1251;121;1131
"Flyvninger i alt";"2019M01";1163;128;1036
"Flyvninger i alt";"2019M02";1191;121;1071
"Flyvninger i alt";"2019M03";1402;152;1251
"Flyvninger i alt";"2019M04";1500;148;1352
"Flyvninger i alt";"2019M05";1608;168;1439
"Flyvninger i alt";"2019M06";1816;172;1644
"Flyvninger i alt";"2019M07";1895;134;1762
"Flyvninger i alt";"2019M08";1695;151;1544
"Flyvninger i alt";"2019M09";1724;162;1562
"Flyvninger i alt";"2019M10";1651;162;1489
"Flyvninger i alt";"2019M11";1276;150;1126
"Flyvninger i alt";"2019M12";1276;123;1153
"Flyvninger i alt";"2020M01";1161;120;1041
"Flyvninger i alt";"2020M02";1188;113;1074
"Flyvninger i alt";"2020M03";469;59;410
"Flyvninger i alt";"2020M04";16;7;9
"Flyvninger i alt";"2020M05";28;13;15
"Flyvninger i alt";"2020M06";105;35;69
"Flyvninger i alt";"2020M07";376;79;297
"Flyvninger i alt";"2020M08";379;87;292
"Flyvninger i alt";"2020M09";321;80;241
"Flyvninger i alt";"2020M10";256;66;190
"Flyvninger i alt";"2020M11";125;44;81
"Flyvninger i alt";"2020M12";176;52;124
"Flyvninger i alt";"2021M01";106;33;74
"Flyvninger i alt";"2021M02";73;30;43
"Flyvninger i alt";"2021M03";105;37;67
"Flyvninger i alt";"2021M04";117;47;70
"Flyvninger i alt";"2021M05";175;64;110
"Flyvninger i alt";"2021M06";365;86;279
"Flyvninger i alt";"2021M07";837;111;726
"Flyvninger i alt";"2021M08";756;122;634
"Flyvninger i alt";"2021M09";849;140;708
"Flyvninger i alt";"2021M10";992;137;855
"Flyvninger i alt";"2021M11";813;122;691
"Flyvninger i alt";"2021M12";715;98;617
"Flyvninger i alt";"2022M01";483;71;412
"Flyvninger i alt";"2022M02";641;83;558
"Flyvninger i alt";"2022M03";885;117;768
"Flyvninger i alt";"2022M04";1148;130;1018
"Flyvninger i alt";"2022M05";1326;153;1172
"Flyvninger i alt";"2022M06";1494;155;1339
"Flyvninger i alt";"2022M07";1590;127;1463
"Flyvninger i alt";"2022M08";1408;145;1263
"Flyvninger i alt";"2022M09";1471;147;1324
"Flyvninger i alt";"2022M10";1423;135;1287
"Flyvninger i alt";"2022M11";1052;126;926
"Flyvninger i alt";"2022M12";1061;108;953
"Flyvninger i alt";"2023M01";937;109;828
"Flyvninger i alt";"2023M02";994;100;895
"Flyvninger i alt";"2023M03";1215;128;1087
"Flyvninger i alt";"2023M04";1335;120;1215
"Flyvninger i alt";"2023M05";1500;141;1359
"Flyvninger i alt";"2023M06";1629;146;1483
"Flyvninger i alt";"2023M07";1792;121;1671
"Flyvninger i alt";"2023M08";1546;132;1415
"Flyvninger i alt";"2023M09";1610;140;1469
"Flyvninger i alt";"2023M10";1581;133;1449
"Flyvninger i alt";"2023M11";1150;121;1029
"Flyvninger i alt";"2023M12";1189;100;1089
"Flyvninger i alt";"2024M01";1005;93;912
"Flyvninger i alt";"2024M02";1099;93;1006
"Flyvninger i alt";"2024M03";1340;113;1227
"Flyvninger i alt";"2024M04";1425;121;1304
"Flyvninger i alt";"2024M05";1663;134;1529
"Flyvninger i alt";"2024M06";1781;135;1646
"Flyvninger i alt";"2024M07";1965;109;1856
"Flyvninger i alt";"2024M08";1706;127;1579
"Flyvninger i alt";"2024M09";1756;138;1619
"Flyvninger i alt";"2024M10";1671;125;1546
"Flyvninger i alt";"2024M11";1264;115;1149
"Flyvninger i alt";"2024M12";1319;97;1221
"Ruteflyvninger";"2001M01";694;140;554
"Ruteflyvninger";"2001M02";684;135;548
"Ruteflyvninger";"2001M03";826;162;664
"Ruteflyvninger";"2001M04";813;136;677
"Ruteflyvninger";"2001M05";881;166;715
"Ruteflyvninger";"2001M06";951;157;793
"Ruteflyvninger";"2001M07";895;120;775
"Ruteflyvninger";"2001M08";900;155;745
"Ruteflyvninger";"2001M09";888;159;729
"Ruteflyvninger";"2001M10";828;149;679
"Ruteflyvninger";"2001M11";731;141;590
"Ruteflyvninger";"2001M12";644;115;529
"Ruteflyvninger";"2002M01";665;120;545
"Ruteflyvninger";"2002M02";672;120;551
"Ruteflyvninger";"2002M03";802;134;667
"Ruteflyvninger";"2002M04";842;148;694
"Ruteflyvninger";"2002M05";869;151;718
"Ruteflyvninger";"2002M06";961;145;816
"Ruteflyvninger";"2002M07";875;106;769
"Ruteflyvninger";"2002M08";862;135;727
"Ruteflyvninger";"2002M09";916;146;769
"Ruteflyvninger";"2002M10";895;145;750
"Ruteflyvninger";"2002M11";746;132;614
"Ruteflyvninger";"2002M12";667;108;559
"Ruteflyvninger";"2003M01";640;111;529
"Ruteflyvninger";"2003M02";647;109;538
"Ruteflyvninger";"2003M03";760;124;636
"Ruteflyvninger";"2003M04";759;117;642
"Ruteflyvninger";"2003M05";834;132;701
"Ruteflyvninger";"2003M06";942;131;811
"Ruteflyvninger";"2003M07";856;96;760
"Ruteflyvninger";"2003M08";860;127;733
"Ruteflyvninger";"2003M09";901;143;758
"Ruteflyvninger";"2003M10";894;142;753
"Ruteflyvninger";"2003M11";754;128;626
"Ruteflyvninger";"2003M12";674;103;571
"Ruteflyvninger";"2004M01";654;107;547
"Ruteflyvninger";"2004M02";706;110;596
"Ruteflyvninger";"2004M03";842;134;708
"Ruteflyvninger";"2004M04";847;119;728
"Ruteflyvninger";"2004M05";893;131;762
"Ruteflyvninger";"2004M06";1025;141;884
"Ruteflyvninger";"2004M07";911;99;812
"Ruteflyvninger";"2004M08";893;128;766
"Ruteflyvninger";"2004M09";959;143;817
"Ruteflyvninger";"2004M10";923;133;790
"Ruteflyvninger";"2004M11";795;131;664
"Ruteflyvninger";"2004M12";710;106;604
"Ruteflyvninger";"2005M01";697;110;586
"Ruteflyvninger";"2005M02";701;106;595
"Ruteflyvninger";"2005M03";840;119;721
"Ruteflyvninger";"2005M04";861;129;732
"Ruteflyvninger";"2005M05";910;131;779
"Ruteflyvninger";"2005M06";1042;141;902
"Ruteflyvninger";"2005M07";950;107;843
"Ruteflyvninger";"2005M08";931;128;804
"Ruteflyvninger";"2005M09";1028;153;874
"Ruteflyvninger";"2005M10";993;144;849
"Ruteflyvninger";"2005M11";859;146;713
"Ruteflyvninger";"2005M12";768;123;645
"Ruteflyvninger";"2006M01";733;115;618
"Ruteflyvninger";"2006M02";770;122;648
"Ruteflyvninger";"2006M03";906;151;755
"Ruteflyvninger";"2006M04";901;125;776
"Ruteflyvninger";"2006M05";980;151;829
"Ruteflyvninger";"2006M06";1065;148;917
"Ruteflyvninger";"2006M07";998;114;884
"Ruteflyvninger";"2006M08";958;138;820
"Ruteflyvninger";"2006M09";1030;158;872
"Ruteflyvninger";"2006M10";1028;162;866
"Ruteflyvninger";"2006M11";889;152;737
"Ruteflyvninger";"2006M12";790;130;660
"Ruteflyvninger";"2007M01";795;139;656
"Ruteflyvninger";"2007M02";772;121;651
"Ruteflyvninger";"2007M03";987;162;825
"Ruteflyvninger";"2007M04";894;131;762
"Ruteflyvninger";"2007M05";1013;159;854
"Ruteflyvninger";"2007M06";1099;167;932
"Ruteflyvninger";"2007M07";1087;137;950
"Ruteflyvninger";"2007M08";1023;161;862
"Ruteflyvninger";"2007M09";1062;162;900
"Ruteflyvninger";"2007M10";1072;170;902
"Ruteflyvninger";"2007M11";928;173;756
"Ruteflyvninger";"2007M12";826;139;687
"Ruteflyvninger";"2008M01";823;142;681
"Ruteflyvninger";"2008M02";869;142;727
"Ruteflyvninger";"2008M03";965;147;817
"Ruteflyvninger";"2008M04";1015;163;852
"Ruteflyvninger";"2008M05";1059;168;891
"Ruteflyvninger";"2008M06";1147;169;978
"Ruteflyvninger";"2008M07";1095;130;965
"Ruteflyvninger";"2008M08";1010;152;858
"Ruteflyvninger";"2008M09";1059;165;895
"Ruteflyvninger";"2008M10";1028;158;869
"Ruteflyvninger";"2008M11";815;148;666
"Ruteflyvninger";"2008M12";736;120;616
"Ruteflyvninger";"2009M01";699;123;577
"Ruteflyvninger";"2009M02";711;126;585
"Ruteflyvninger";"2009M03";838;153;685
"Ruteflyvninger";"2009M04";893;143;750
"Ruteflyvninger";"2009M05";934;156;777
"Ruteflyvninger";"2009M06";1061;171;890
"Ruteflyvninger";"2009M07";1027;139;888
"Ruteflyvninger";"2009M08";941;152;788
"Ruteflyvninger";"2009M09";1004;178;826
"Ruteflyvninger";"2009M10";1015;180;835
"Ruteflyvninger";"2009M11";854;175;679
"Ruteflyvninger";"2009M12";782;143;639
"Ruteflyvninger";"2010M01";760;153;608
"Ruteflyvninger";"2010M02";811;167;643
"Ruteflyvninger";"2010M03";1026;212;814
"Ruteflyvninger";"2010M04";725;137;588
"Ruteflyvninger";"2010M05";1065;207;858
"Ruteflyvninger";"2010M06";1198;216;982
"Ruteflyvninger";"2010M07";1184;181;1003
"Ruteflyvninger";"2010M08";1088;200;888
"Ruteflyvninger";"2010M09";1151;217;934
"Ruteflyvninger";"2010M10";1160;213;947
"Ruteflyvninger";"2010M11";962;209;753
"Ruteflyvninger";"2010M12";865;174;692
"Ruteflyvninger";"2011M01";827;170;656
"Ruteflyvninger";"2011M02";853;173;681
"Ruteflyvninger";"2011M03";1002;203;798
"Ruteflyvninger";"2011M04";1047;183;864
"Ruteflyvninger";"2011M05";1144;211;933
"Ruteflyvninger";"2011M06";1215;195;1021
"Ruteflyvninger";"2011M07";1197;160;1036
"Ruteflyvninger";"2011M08";1099;182;917
"Ruteflyvninger";"2011M09";1186;203;983
"Ruteflyvninger";"2011M10";1161;195;966
"Ruteflyvninger";"2011M11";995;195;800
"Ruteflyvninger";"2011M12";908;163;745
"Ruteflyvninger";"2012M01";869;157;712
"Ruteflyvninger";"2012M02";890;155;735
"Ruteflyvninger";"2012M03";1071;181;890
"Ruteflyvninger";"2012M04";1056;157;899
"Ruteflyvninger";"2012M05";1110;134;976
"Ruteflyvninger";"2012M06";1221;143;1078
"Ruteflyvninger";"2012M07";1222;109;1114
"Ruteflyvninger";"2012M08";1083;134;948
"Ruteflyvninger";"2012M09";1175;158;1017
"Ruteflyvninger";"2012M10";1183;169;1015
"Ruteflyvninger";"2012M11";1000;165;835
"Ruteflyvninger";"2012M12";899;127;772
"Ruteflyvninger";"2013M01";849;129;720
"Ruteflyvninger";"2013M02";866;127;739
"Ruteflyvninger";"2013M03";1041;136;905
"Ruteflyvninger";"2013M04";1089;151;939
"Ruteflyvninger";"2013M05";1195;162;1033
"Ruteflyvninger";"2013M06";1303;161;1142
"Ruteflyvninger";"2013M07";1303;128;1175
"Ruteflyvninger";"2013M08";1166;146;1020
"Ruteflyvninger";"2013M09";1240;167;1072
"Ruteflyvninger";"2013M10";1236;168;1068
"Ruteflyvninger";"2013M11";1003;161;842
"Ruteflyvninger";"2013M12";952;134;818
"Ruteflyvninger";"2014M01";886;131;755
"Ruteflyvninger";"2014M02";903;130;773
"Ruteflyvninger";"2014M03";1081;159;922
"Ruteflyvninger";"2014M04";1229;150;1079
"Ruteflyvninger";"2014M05";1292;168;1124
"Ruteflyvninger";"2014M06";1402;170;1232
"Ruteflyvninger";"2014M07";1399;131;1269
"Ruteflyvninger";"2014M08";1250;151;1099
"Ruteflyvninger";"2014M09";1316;171;1144
"Ruteflyvninger";"2014M10";1303;169;1134
"Ruteflyvninger";"2014M11";1018;151;866
"Ruteflyvninger";"2014M12";979;128;851
"Ruteflyvninger";"2015M01";892;123;770
"Ruteflyvninger";"2015M02";912;125;787
"Ruteflyvninger";"2015M03";1147;151;996
"Ruteflyvninger";"2015M04";1157;142;1016
"Ruteflyvninger";"2015M05";1272;153;1119
"Ruteflyvninger";"2015M06";1423;169;1254
"Ruteflyvninger";"2015M07";1470;128;1342
"Ruteflyvninger";"2015M08";1336;151;1185
"Ruteflyvninger";"2015M09";1392;167;1225
"Ruteflyvninger";"2015M10";1376;164;1212
"Ruteflyvninger";"2015M11";1143;162;981
"Ruteflyvninger";"2015M12";1091;139;952
"Ruteflyvninger";"2016M01";998;128;869
"Ruteflyvninger";"2016M02";1063;133;930
"Ruteflyvninger";"2016M03";1242;154;1088
"Ruteflyvninger";"2016M04";1277;155;1122
"Ruteflyvninger";"2016M05";1410;171;1239
"Ruteflyvninger";"2016M06";1557;177;1379
"Ruteflyvninger";"2016M07";1593;135;1458
"Ruteflyvninger";"2016M08";1423;158;1265
"Ruteflyvninger";"2016M09";1499;175;1324
"Ruteflyvninger";"2016M10";1485;169;1316
"Ruteflyvninger";"2016M11";1207;168;1039
"Ruteflyvninger";"2016M12";1176;144;1031
"Ruteflyvninger";"2017M01";1077;138;938
"Ruteflyvninger";"2017M02";1080;129;951
"Ruteflyvninger";"2017M03";1256;162;1094
"Ruteflyvninger";"2017M04";1342;142;1200
"Ruteflyvninger";"2017M05";1427;166;1261
"Ruteflyvninger";"2017M06";1570;167;1402
"Ruteflyvninger";"2017M07";1596;126;1469
"Ruteflyvninger";"2017M08";1466;156;1311
"Ruteflyvninger";"2017M09";1519;169;1351
"Ruteflyvninger";"2017M10";1492;166;1326
"Ruteflyvninger";"2017M11";1184;160;1024
"Ruteflyvninger";"2017M12";1141;135;1006
"Ruteflyvninger";"2018M01";1064;132;933
"Ruteflyvninger";"2018M02";1092;127;965
"Ruteflyvninger";"2018M03";1357;151;1206
"Ruteflyvninger";"2018M04";1390;154;1235
"Ruteflyvninger";"2018M05";1544;167;1377
"Ruteflyvninger";"2018M06";1687;171;1516
"Ruteflyvninger";"2018M07";1732;136;1595
"Ruteflyvninger";"2018M08";1535;160;1374
"Ruteflyvninger";"2018M09";1592;168;1424
"Ruteflyvninger";"2018M10";1545;163;1382
"Ruteflyvninger";"2018M11";1234;153;1081
"Ruteflyvninger";"2018M12";1182;117;1065
"Ruteflyvninger";"2019M01";1074;123;951
"Ruteflyvninger";"2019M02";1101;117;985
"Ruteflyvninger";"2019M03";1300;147;1153
"Ruteflyvninger";"2019M04";1429;144;1286
"Ruteflyvninger";"2019M05";1505;163;1342
"Ruteflyvninger";"2019M06";1672;166;1506
"Ruteflyvninger";"2019M07";1712;129;1582
"Ruteflyvninger";"2019M08";1548;145;1403
"Ruteflyvninger";"2019M09";1593;156;1437
"Ruteflyvninger";"2019M10";1550;158;1392
"Ruteflyvninger";"2019M11";1217;146;1071
"Ruteflyvninger";"2019M12";1207;119;1088
"Ruteflyvninger";"2020M01";1082;116;966
"Ruteflyvninger";"2020M02";1102;110;992
"Ruteflyvninger";"2020M03";438;56;382
"Ruteflyvninger";"2020M04";12;5;7
"Ruteflyvninger";"2020M05";24;10;14
"Ruteflyvninger";"2020M06";100;32;68
"Ruteflyvninger";"2020M07";360;75;285
"Ruteflyvninger";"2020M08";356;83;273
"Ruteflyvninger";"2020M09";292;75;216
"Ruteflyvninger";"2020M10";235;63;172
"Ruteflyvninger";"2020M11";121;42;79
"Ruteflyvninger";"2020M12";173;50;123
"Ruteflyvninger";"2021M01";102;29;73
"Ruteflyvninger";"2021M02";70;27;43
"Ruteflyvninger";"2021M03";100;35;65
"Ruteflyvninger";"2021M04";111;43;68
"Ruteflyvninger";"2021M05";168;62;106
"Ruteflyvninger";"2021M06";332;83;250
"Ruteflyvninger";"2021M07";721;106;615
"Ruteflyvninger";"2021M08";667;117;550
"Ruteflyvninger";"2021M09";767;134;633
"Ruteflyvninger";"2021M10";898;134;764
"Ruteflyvninger";"2021M11";764;120;644
"Ruteflyvninger";"2021M12";670;96;574
"Ruteflyvninger";"2022M01";428;69;359
"Ruteflyvninger";"2022M02";584;81;503
"Ruteflyvninger";"2022M03";825;114;711
"Ruteflyvninger";"2022M04";1088;126;962
"Ruteflyvninger";"2022M05";1223;148;1075
"Ruteflyvninger";"2022M06";1357;149;1209
"Ruteflyvninger";"2022M07";1406;122;1284
"Ruteflyvninger";"2022M08";1269;138;1131
"Ruteflyvninger";"2022M09";1341;141;1200
"Ruteflyvninger";"2022M10";1310;131;1179
"Ruteflyvninger";"2022M11";1000;121;879
"Ruteflyvninger";"2022M12";1005;104;902
"Ruteflyvninger";"2023M01";860;104;756
"Ruteflyvninger";"2023M02";925;95;829
"Ruteflyvninger";"2023M03";1146;123;1022
"Ruteflyvninger";"2023M04";1281;116;1164
"Ruteflyvninger";"2023M05";1390;135;1255
"Ruteflyvninger";"2023M06";1493;139;1354
"Ruteflyvninger";"2023M07";1604;116;1488
"Ruteflyvninger";"2023M08";1414;124;1291
"Ruteflyvninger";"2023M09";1481;134;1347
"Ruteflyvninger";"2023M10";1475;127;1348
"Ruteflyvninger";"2023M11";1099;117;981
"Ruteflyvninger";"2023M12";1131;97;1035
"Ruteflyvninger";"2024M01";934;90;844
"Ruteflyvninger";"2024M02";1028;90;938
"Ruteflyvninger";"2024M03";1261;109;1151
"Ruteflyvninger";"2024M04";1375;117;1258
"Ruteflyvninger";"2024M05";1560;130;1430
"Ruteflyvninger";"2024M06";1643;130;1513
"Ruteflyvninger";"2024M07";1787;104;1683
"Ruteflyvninger";"2024M08";1576;123;1454
"Ruteflyvninger";"2024M09";1635;134;1501
"Ruteflyvninger";"2024M10";1573;122;1451
"Ruteflyvninger";"2024M11";1209;112;1097
"Ruteflyvninger";"2024M12";1259;95;1165
"Charter/taxi flyvning";"2001M01";93;3;90
"Charter/taxi flyvning";"2001M02";94;5;89
"Charter/taxi flyvning";"2001M03";105;6;100
"Charter/taxi flyvning";"2001M04";85;5;81
"Charter/taxi flyvning";"2001M05";111;6;106
"Charter/taxi flyvning";"2001M06";154;7;147
"Charter/taxi flyvning";"2001M07";169;10;159
"Charter/taxi flyvning";"2001M08";144;10;134
"Charter/taxi flyvning";"2001M09";123;5;118
"Charter/taxi flyvning";"2001M10";77;4;73
"Charter/taxi flyvning";"2001M11";53;3;50
"Charter/taxi flyvning";"2001M12";52;2;50
"Charter/taxi flyvning";"2002M01";66;3;62
"Charter/taxi flyvning";"2002M02";71;4;67
"Charter/taxi flyvning";"2002M03";82;6;76
"Charter/taxi flyvning";"2002M04";61;5;56
"Charter/taxi flyvning";"2002M05";101;10;91
"Charter/taxi flyvning";"2002M06";151;10;141
"Charter/taxi flyvning";"2002M07";160;12;148
"Charter/taxi flyvning";"2002M08";143;12;131
"Charter/taxi flyvning";"2002M09";114;10;104
"Charter/taxi flyvning";"2002M10";82;9;73
"Charter/taxi flyvning";"2002M11";63;8;55
"Charter/taxi flyvning";"2002M12";63;8;55
"Charter/taxi flyvning";"2003M01";76;10;66
"Charter/taxi flyvning";"2003M02";74;9;65
"Charter/taxi flyvning";"2003M03";81;11;70
"Charter/taxi flyvning";"2003M04";68;11;57
"Charter/taxi flyvning";"2003M05";96;11;84
"Charter/taxi flyvning";"2003M06";130;10;121
"Charter/taxi flyvning";"2003M07";142;11;132
"Charter/taxi flyvning";"2003M08";133;8;125
"Charter/taxi flyvning";"2003M09";105;8;97
"Charter/taxi flyvning";"2003M10";78;9;69
"Charter/taxi flyvning";"2003M11";53;6;47
"Charter/taxi flyvning";"2003M12";59;7;52
"Charter/taxi flyvning";"2004M01";74;7;67
"Charter/taxi flyvning";"2004M02";78;7;71
"Charter/taxi flyvning";"2004M03";80;8;72
"Charter/taxi flyvning";"2004M04";66;8;58
"Charter/taxi flyvning";"2004M05";102;8;94
"Charter/taxi flyvning";"2004M06";164;10;154
"Charter/taxi flyvning";"2004M07";176;11;165
"Charter/taxi flyvning";"2004M08";132;8;124
"Charter/taxi flyvning";"2004M09";117;8;109
"Charter/taxi flyvning";"2004M10";91;7;84
"Charter/taxi flyvning";"2004M11";60;7;53
"Charter/taxi flyvning";"2004M12";65;6;58
"Charter/taxi flyvning";"2005M01";86;9;77
"Charter/taxi flyvning";"2005M02";88;8;80
"Charter/taxi flyvning";"2005M03";94;8;86
"Charter/taxi flyvning";"2005M04";74;8;66
"Charter/taxi flyvning";"2005M05";113;8;105
"Charter/taxi flyvning";"2005M06";180;11;169
"Charter/taxi flyvning";"2005M07";213;12;201
"Charter/taxi flyvning";"2005M08";145;11;134
"Charter/taxi flyvning";"2005M09";125;10;116
"Charter/taxi flyvning";"2005M10";108;10;98
"Charter/taxi flyvning";"2005M11";69;9;60
"Charter/taxi flyvning";"2005M12";76;10;66
"Charter/taxi flyvning";"2006M01";90;10;80
"Charter/taxi flyvning";"2006M02";84;9;75
"Charter/taxi flyvning";"2006M03";87;10;77
"Charter/taxi flyvning";"2006M04";83;10;73
"Charter/taxi flyvning";"2006M05";109;9;100
"Charter/taxi flyvning";"2006M06";172;8;163
"Charter/taxi flyvning";"2006M07";226;9;217
"Charter/taxi flyvning";"2006M08";154;11;143
"Charter/taxi flyvning";"2006M09";130;10;120
"Charter/taxi flyvning";"2006M10";97;9;88
"Charter/taxi flyvning";"2006M11";68;10;58
"Charter/taxi flyvning";"2006M12";76;8;68
"Charter/taxi flyvning";"2007M01";89;9;80
"Charter/taxi flyvning";"2007M02";91;9;81
"Charter/taxi flyvning";"2007M03";107;12;95
"Charter/taxi flyvning";"2007M04";75;8;67
"Charter/taxi flyvning";"2007M05";113;8;105
"Charter/taxi flyvning";"2007M06";171;10;162
"Charter/taxi flyvning";"2007M07";232;12;220
"Charter/taxi flyvning";"2007M08";167;12;156
"Charter/taxi flyvning";"2007M09";147;10;137
"Charter/taxi flyvning";"2007M10";105;9;96
"Charter/taxi flyvning";"2007M11";75;8;67
"Charter/taxi flyvning";"2007M12";83;8;75
"Charter/taxi flyvning";"2008M01";95;8;87
"Charter/taxi flyvning";"2008M02";101;8;94
"Charter/taxi flyvning";"2008M03";108;8;100
"Charter/taxi flyvning";"2008M04";62;7;55
"Charter/taxi flyvning";"2008M05";117;7;109
"Charter/taxi flyvning";"2008M06";170;8;162
"Charter/taxi flyvning";"2008M07";220;10;210
"Charter/taxi flyvning";"2008M08";177;8;169
"Charter/taxi flyvning";"2008M09";135;9;126
"Charter/taxi flyvning";"2008M10";108;8;99
"Charter/taxi flyvning";"2008M11";77;7;70
"Charter/taxi flyvning";"2008M12";77;6;71
"Charter/taxi flyvning";"2009M01";88;8;80
"Charter/taxi flyvning";"2009M02";85;7;78
"Charter/taxi flyvning";"2009M03";91;7;83
"Charter/taxi flyvning";"2009M04";71;6;65
"Charter/taxi flyvning";"2009M05";105;6;99
"Charter/taxi flyvning";"2009M06";151;8;143
"Charter/taxi flyvning";"2009M07";201;7;194
"Charter/taxi flyvning";"2009M08";162;8;154
"Charter/taxi flyvning";"2009M09";122;8;114
"Charter/taxi flyvning";"2009M10";102;9;93
"Charter/taxi flyvning";"2009M11";61;8;54
"Charter/taxi flyvning";"2009M12";69;7;61
"Charter/taxi flyvning";"2010M01";88;8;80
"Charter/taxi flyvning";"2010M02";88;8;79
"Charter/taxi flyvning";"2010M03";90;6;85
"Charter/taxi flyvning";"2010M04";53;4;49
"Charter/taxi flyvning";"2010M05";111;4;107
"Charter/taxi flyvning";"2010M06";153;6;148
"Charter/taxi flyvning";"2010M07";221;6;214
"Charter/taxi flyvning";"2010M08";163;8;155
"Charter/taxi flyvning";"2010M09";125;9;117
"Charter/taxi flyvning";"2010M10";113;7;106
"Charter/taxi flyvning";"2010M11";62;7;55
"Charter/taxi flyvning";"2010M12";74;6;68
"Charter/taxi flyvning";"2011M01";95;7;88
"Charter/taxi flyvning";"2011M02";83;5;78
"Charter/taxi flyvning";"2011M03";88;7;81
"Charter/taxi flyvning";"2011M04";79;6;72
"Charter/taxi flyvning";"2011M05";110;7;103
"Charter/taxi flyvning";"2011M06";165;9;156
"Charter/taxi flyvning";"2011M07";238;11;227
"Charter/taxi flyvning";"2011M08";167;9;158
"Charter/taxi flyvning";"2011M09";139;8;131
"Charter/taxi flyvning";"2011M10";110;7;102
"Charter/taxi flyvning";"2011M11";63;7;57
"Charter/taxi flyvning";"2011M12";72;5;66
"Charter/taxi flyvning";"2012M01";91;6;85
"Charter/taxi flyvning";"2012M02";94;6;87
"Charter/taxi flyvning";"2012M03";95;6;89
"Charter/taxi flyvning";"2012M04";69;5;64
"Charter/taxi flyvning";"2012M05";100;5;94
"Charter/taxi flyvning";"2012M06";168;7;161
"Charter/taxi flyvning";"2012M07";222;6;216
"Charter/taxi flyvning";"2012M08";167;6;161
"Charter/taxi flyvning";"2012M09";144;7;137
"Charter/taxi flyvning";"2012M10";101;6;95
"Charter/taxi flyvning";"2012M11";65;6;60
"Charter/taxi flyvning";"2012M12";75;5;69
"Charter/taxi flyvning";"2013M01";88;5;83
"Charter/taxi flyvning";"2013M02";94;5;88
"Charter/taxi flyvning";"2013M03";103;5;98
"Charter/taxi flyvning";"2013M04";69;5;63
"Charter/taxi flyvning";"2013M05";106;6;100
"Charter/taxi flyvning";"2013M06";169;7;162
"Charter/taxi flyvning";"2013M07";218;8;210
"Charter/taxi flyvning";"2013M08";163;7;156
"Charter/taxi flyvning";"2013M09";126;6;120
"Charter/taxi flyvning";"2013M10";99;6;93
"Charter/taxi flyvning";"2013M11";68;6;62
"Charter/taxi flyvning";"2013M12";69;5;64
"Charter/taxi flyvning";"2014M01";87;6;80
"Charter/taxi flyvning";"2014M02";94;7;87
"Charter/taxi flyvning";"2014M03";101;7;94
"Charter/taxi flyvning";"2014M04";75;6;69
"Charter/taxi flyvning";"2014M05";108;6;102
"Charter/taxi flyvning";"2014M06";158;7;151
"Charter/taxi flyvning";"2014M07";210;7;203
"Charter/taxi flyvning";"2014M08";163;7;156
"Charter/taxi flyvning";"2014M09";120;7;114
"Charter/taxi flyvning";"2014M10";102;6;95
"Charter/taxi flyvning";"2014M11";62;5;57
"Charter/taxi flyvning";"2014M12";65;6;59
"Charter/taxi flyvning";"2015M01";86;5;81
"Charter/taxi flyvning";"2015M02";88;6;82
"Charter/taxi flyvning";"2015M03";93;7;86
"Charter/taxi flyvning";"2015M04";69;6;62
"Charter/taxi flyvning";"2015M05";113;6;108
"Charter/taxi flyvning";"2015M06";155;8;146
"Charter/taxi flyvning";"2015M07";203;7;195
"Charter/taxi flyvning";"2015M08";153;7;146
"Charter/taxi flyvning";"2015M09";128;6;123
"Charter/taxi flyvning";"2015M10";109;5;104
"Charter/taxi flyvning";"2015M11";57;5;52
"Charter/taxi flyvning";"2015M12";68;6;62
"Charter/taxi flyvning";"2016M01";89;6;83
"Charter/taxi flyvning";"2016M02";92;7;85
"Charter/taxi flyvning";"2016M03";100;8;93
"Charter/taxi flyvning";"2016M04";66;5;61
"Charter/taxi flyvning";"2016M05";114;6;108
"Charter/taxi flyvning";"2016M06";157;7;150
"Charter/taxi flyvning";"2016M07";219;8;211
"Charter/taxi flyvning";"2016M08";148;7;141
"Charter/taxi flyvning";"2016M09";131;7;125
"Charter/taxi flyvning";"2016M10";112;5;107
"Charter/taxi flyvning";"2016M11";58;4;54
"Charter/taxi flyvning";"2016M12";65;3;62
"Charter/taxi flyvning";"2017M01";88;4;84
"Charter/taxi flyvning";"2017M02";88;4;84
"Charter/taxi flyvning";"2017M03";93;4;89
"Charter/taxi flyvning";"2017M04";72;3;68
"Charter/taxi flyvning";"2017M05";115;4;112
"Charter/taxi flyvning";"2017M06";166;6;161
"Charter/taxi flyvning";"2017M07";225;4;221
"Charter/taxi flyvning";"2017M08";125;4;122
"Charter/taxi flyvning";"2017M09";122;3;119
"Charter/taxi flyvning";"2017M10";96;3;93
"Charter/taxi flyvning";"2017M11";55;3;51
"Charter/taxi flyvning";"2017M12";66;3;64
"Charter/taxi flyvning";"2018M01";80;3;76
"Charter/taxi flyvning";"2018M02";83;3;79
"Charter/taxi flyvning";"2018M03";89;4;85
"Charter/taxi flyvning";"2018M04";53;4;49
"Charter/taxi flyvning";"2018M05";98;4;95
"Charter/taxi flyvning";"2018M06";141;4;137
"Charter/taxi flyvning";"2018M07";189;4;185
"Charter/taxi flyvning";"2018M08";132;4;128
"Charter/taxi flyvning";"2018M09";119;4;115
"Charter/taxi flyvning";"2018M10";99;5;94
"Charter/taxi flyvning";"2018M11";57;3;54
"Charter/taxi flyvning";"2018M12";69;3;66
"Charter/taxi flyvning";"2019M01";89;4;84
"Charter/taxi flyvning";"2019M02";89;4;85
"Charter/taxi flyvning";"2019M03";89;4;86
"Charter/taxi flyvning";"2019M04";69;4;65
"Charter/taxi flyvning";"2019M05";101;5;96
"Charter/taxi flyvning";"2019M06";142;5;137
"Charter/taxi flyvning";"2019M07";182;4;179
"Charter/taxi flyvning";"2019M08";145;5;140
"Charter/taxi flyvning";"2019M09";129;5;124
"Charter/taxi flyvning";"2019M10";100;4;96
"Charter/taxi flyvning";"2019M11";58;4;54
"Charter/taxi flyvning";"2019M12";67;3;64
"Charter/taxi flyvning";"2020M01";78;4;75
"Charter/taxi flyvning";"2020M02";84;3;81
"Charter/taxi flyvning";"2020M03";30;2;28
"Charter/taxi flyvning";"2020M04";3;2;1
"Charter/taxi flyvning";"2020M05";3;2;1
"Charter/taxi flyvning";"2020M06";3;2;1
"Charter/taxi flyvning";"2020M07";15;3;12
"Charter/taxi flyvning";"2020M08";21;3;18
"Charter/taxi flyvning";"2020M09";28;4;24
"Charter/taxi flyvning";"2020M10";20;3;17
"Charter/taxi flyvning";"2020M11";3;2;1
"Charter/taxi flyvning";"2020M12";3;2;1
"Charter/taxi flyvning";"2021M01";4;3;1
"Charter/taxi flyvning";"2021M02";3;2;1
"Charter/taxi flyvning";"2021M03";4;2;2
"Charter/taxi flyvning";"2021M04";4;3;1
"Charter/taxi flyvning";"2021M05";6;2;4
"Charter/taxi flyvning";"2021M06";31;3;29
"Charter/taxi flyvning";"2021M07";115;4;111
"Charter/taxi flyvning";"2021M08";87;4;83
"Charter/taxi flyvning";"2021M09";80;5;75
"Charter/taxi flyvning";"2021M10";93;3;90
"Charter/taxi flyvning";"2021M11";48;2;46
"Charter/taxi flyvning";"2021M12";44;2;42
"Charter/taxi flyvning";"2022M01";54;2;52
"Charter/taxi flyvning";"2022M02";56;2;54
"Charter/taxi flyvning";"2022M03";58;3;55
"Charter/taxi flyvning";"2022M04";58;3;55
"Charter/taxi flyvning";"2022M05";101;5;96
"Charter/taxi flyvning";"2022M06";134;6;129
"Charter/taxi flyvning";"2022M07";182;4;177
"Charter/taxi flyvning";"2022M08";137;6;131
"Charter/taxi flyvning";"2022M09";128;5;123
"Charter/taxi flyvning";"2022M10";111;4;107
"Charter/taxi flyvning";"2022M11";51;5;46
"Charter/taxi flyvning";"2022M12";55;4;51
"Charter/taxi flyvning";"2023M01";76;5;71
"Charter/taxi flyvning";"2023M02";69;4;65
"Charter/taxi flyvning";"2023M03";68;4;64
"Charter/taxi flyvning";"2023M04";53;3;50
"Charter/taxi flyvning";"2023M05";108;5;103
"Charter/taxi flyvning";"2023M06";133;6;128
"Charter/taxi flyvning";"2023M07";187;4;182
"Charter/taxi flyvning";"2023M08";130;7;123
"Charter/taxi flyvning";"2023M09";127;6;121
"Charter/taxi flyvning";"2023M10";104;4;99
"Charter/taxi flyvning";"2023M11";50;3;47
"Charter/taxi flyvning";"2023M12";56;3;53
"Charter/taxi flyvning";"2024M01";70;3;67
"Charter/taxi flyvning";"2024M02";70;3;68
"Charter/taxi flyvning";"2024M03";77;3;74
"Charter/taxi flyvning";"2024M04";48;3;45
"Charter/taxi flyvning";"2024M05";101;3;98
"Charter/taxi flyvning";"2024M06";135;4;131
"Charter/taxi flyvning";"2024M07";177;4;173
"Charter/taxi flyvning";"2024M08";128;3;125
"Charter/taxi flyvning";"2024M09";120;3;117
"Charter/taxi flyvning";"2024M10";96;3;94
"Charter/taxi flyvning";"2024M11";53;2;51
"Charter/taxi flyvning";"2024M12";58;2;56
"Anden flyvning";"2001M01";1;0;0
"Anden flyvning";"2001M02";1;0;1
"Anden flyvning";"2001M03";1;1;1
"Anden flyvning";"2001M04";2;2;1
"Anden flyvning";"2001M05";7;7;1
"Anden flyvning";"2001M06";4;3;1
"Anden flyvning";"2001M07";4;3;1
"Anden flyvning";"2001M08";4;3;1
"Anden flyvning";"2001M09";2;2;1
"Anden flyvning";"2001M10";2;1;1
"Anden flyvning";"2001M11";2;1;1
"Anden flyvning";"2001M12";1;1;0
"Anden flyvning";"2002M01";1;1;1
"Anden flyvning";"2002M02";2;1;1
"Anden flyvning";"2002M03";3;2;1
"Anden flyvning";"2002M04";3;3;1
"Anden flyvning";"2002M05";4;3;1
"Anden flyvning";"2002M06";4;3;1
"Anden flyvning";"2002M07";3;3;1
"Anden flyvning";"2002M08";4;3;1
"Anden flyvning";"2002M09";4;3;1
"Anden flyvning";"2002M10";2;1;1
"Anden flyvning";"2002M11";2;1;1
"Anden flyvning";"2002M12";1;0;1
"Anden flyvning";"2003M01";1;1;0
"Anden flyvning";"2003M02";1;1;0
"Anden flyvning";"2003M03";3;2;1
"Anden flyvning";"2003M04";3;2;1
"Anden flyvning";"2003M05";4;3;1
"Anden flyvning";"2003M06";4;3;1
"Anden flyvning";"2003M07";3;2;1
"Anden flyvning";"2003M08";4;3;1
"Anden flyvning";"2003M09";3;2;1
"Anden flyvning";"2003M10";2;1;1
"Anden flyvning";"2003M11";1;1;1
"Anden flyvning";"2003M12";1;1;1
"Anden flyvning";"2004M01";1;1;1
"Anden flyvning";"2004M02";1;1;1
"Anden flyvning";"2004M03";2;1;1
"Anden flyvning";"2004M04";2;1;1
"Anden flyvning";"2004M05";3;2;1
"Anden flyvning";"2004M06";3;2;1
"Anden flyvning";"2004M07";3;2;1
"Anden flyvning";"2004M08";3;2;1
"Anden flyvning";"2004M09";3;1;1
"Anden flyvning";"2004M10";2;1;1
"Anden flyvning";"2004M11";2;1;1
"Anden flyvning";"2004M12";1;1;1
"Anden flyvning";"2005M01";1;1;1
"Anden flyvning";"2005M02";1;0;1
"Anden flyvning";"2005M03";2;1;1
"Anden flyvning";"2005M04";3;1;1
"Anden flyvning";"2005M05";2;1;1
"Anden flyvning";"2005M06";3;2;1
"Anden flyvning";"2005M07";2;2;1
"Anden flyvning";"2005M08";3;2;1
"Anden flyvning";"2005M09";2;1;1
"Anden flyvning";"2005M10";2;1;1
"Anden flyvning";"2005M11";2;1;1
"Anden flyvning";"2005M12";3;0;3
"Anden flyvning";"2006M01";1;0;1
"Anden flyvning";"2006M02";1;0;1
"Anden flyvning";"2006M03";2;1;1
"Anden flyvning";"2006M04";2;1;1
"Anden flyvning";"2006M05";2;1;1
"Anden flyvning";"2006M06";3;2;1
"Anden flyvning";"2006M07";3;2;1
"Anden flyvning";"2006M08";2;2;1
"Anden flyvning";"2006M09";3;1;1
"Anden flyvning";"2006M10";2;1;1
"Anden flyvning";"2006M11";1;1;1
"Anden flyvning";"2006M12";1;1;1
"Anden flyvning";"2007M01";1;0;1
"Anden flyvning";"2007M02";1;0;0
"Anden flyvning";"2007M03";2;1;1
"Anden flyvning";"2007M04";2;1;1
"Anden flyvning";"2007M05";3;1;1
"Anden flyvning";"2007M06";3;2;1
"Anden flyvning";"2007M07";2;1;1
"Anden flyvning";"2007M08";2;2;1
"Anden flyvning";"2007M09";2;1;1
"Anden flyvning";"2007M10";2;1;1
"Anden flyvning";"2007M11";1;1;1
"Anden flyvning";"2007M12";1;0;1
"Anden flyvning";"2008M01";1;0;1
"Anden flyvning";"2008M02";2;0;1
"Anden flyvning";"2008M03";1;0;1
"Anden flyvning";"2008M04";2;1;1
"Anden flyvning";"2008M05";4;2;2
"Anden flyvning";"2008M06";6;1;5
"Anden flyvning";"2008M07";5;1;4
"Anden flyvning";"2008M08";2;1;1
"Anden flyvning";"2008M09";2;1;1
"Anden flyvning";"2008M10";1;1;1
"Anden flyvning";"2008M11";1;0;1
"Anden flyvning";"2008M12";1;0;0
"Anden flyvning";"2009M01";1;0;0
"Anden flyvning";"2009M02";1;0;1
"Anden flyvning";"2009M03";1;1;1
"Anden flyvning";"2009M04";2;1;1
"Anden flyvning";"2009M05";2;1;1
"Anden flyvning";"2009M06";2;1;1
"Anden flyvning";"2009M07";2;1;1
"Anden flyvning";"2009M08";2;2;1
"Anden flyvning";"2009M09";2;1;1
"Anden flyvning";"2009M10";1;1;1
"Anden flyvning";"2009M11";1;0;1
"Anden flyvning";"2009M12";2;0;2
"Anden flyvning";"2010M01";1;0;0
"Anden flyvning";"2010M02";1;0;0
"Anden flyvning";"2010M03";1;1;0
"Anden flyvning";"2010M04";1;1;1
"Anden flyvning";"2010M05";2;1;1
"Anden flyvning";"2010M06";2;1;1
"Anden flyvning";"2010M07";2;2;1
"Anden flyvning";"2010M08";2;1;1
"Anden flyvning";"2010M09";2;1;1
"Anden flyvning";"2010M10";2;1;1
"Anden flyvning";"2010M11";1;0;1
"Anden flyvning";"2010M12";0;0;0
"Anden flyvning";"2011M01";1;0;0
"Anden flyvning";"2011M02";1;0;1
"Anden flyvning";"2011M03";1;1;0
"Anden flyvning";"2011M04";1;1;0
"Anden flyvning";"2011M05";2;1;1
"Anden flyvning";"2011M06";2;1;1
"Anden flyvning";"2011M07";2;1;1
"Anden flyvning";"2011M08";2;1;1
"Anden flyvning";"2011M09";2;1;1
"Anden flyvning";"2011M10";2;1;1
"Anden flyvning";"2011M11";1;0;0
"Anden flyvning";"2011M12";1;0;1
"Anden flyvning";"2012M01";1;0;1
"Anden flyvning";"2012M02";1;0;0
"Anden flyvning";"2012M03";1;1;1
"Anden flyvning";"2012M04";1;1;1
"Anden flyvning";"2012M05";2;1;1
"Anden flyvning";"2012M06";2;1;1
"Anden flyvning";"2012M07";2;1;1
"Anden flyvning";"2012M08";2;1;1
"Anden flyvning";"2012M09";2;1;1
"Anden flyvning";"2012M10";1;1;1
"Anden flyvning";"2012M11";1;0;1
"Anden flyvning";"2012M12";0;0;0
"Anden flyvning";"2013M01";1;0;0
"Anden flyvning";"2013M02";2;0;2
"Anden flyvning";"2013M03";1;0;1
"Anden flyvning";"2013M04";2;1;1
"Anden flyvning";"2013M05";2;1;1
"Anden flyvning";"2013M06";2;1;1
"Anden flyvning";"2013M07";3;1;1
"Anden flyvning";"2013M08";2;1;1
"Anden flyvning";"2013M09";2;1;1
"Anden flyvning";"2013M10";2;0;1
"Anden flyvning";"2013M11";1;0;0
"Anden flyvning";"2013M12";1;0;1
"Anden flyvning";"2014M01";1;0;0
"Anden flyvning";"2014M02";1;0;1
"Anden flyvning";"2014M03";1;0;1
"Anden flyvning";"2014M04";1;1;0
"Anden flyvning";"2014M05";2;1;1
"Anden flyvning";"2014M06";3;1;1
"Anden flyvning";"2014M07";2;1;1
"Anden flyvning";"2014M08";2;1;1
"Anden flyvning";"2014M09";2;1;1
"Anden flyvning";"2014M10";1;1;0
"Anden flyvning";"2014M11";1;0;1
"Anden flyvning";"2014M12";1;0;0
"Anden flyvning";"2015M01";1;0;0
"Anden flyvning";"2015M02";1;0;0
"Anden flyvning";"2015M03";2;0;1
"Anden flyvning";"2015M04";2;1;1
"Anden flyvning";"2015M05";2;1;1
"Anden flyvning";"2015M06";2;1;1
"Anden flyvning";"2015M07";2;1;1
"Anden flyvning";"2015M08";2;1;1
"Anden flyvning";"2015M09";1;1;1
"Anden flyvning";"2015M10";1;0;1
"Anden flyvning";"2015M11";1;0;1
"Anden flyvning";"2015M12";2;0;2
"Anden flyvning";"2016M01";5;0;5
"Anden flyvning";"2016M02";1;0;1
"Anden flyvning";"2016M03";1;0;1
"Anden flyvning";"2016M04";2;1;1
"Anden flyvning";"2016M05";2;1;1
"Anden flyvning";"2016M06";2;1;1
"Anden flyvning";"2016M07";2;1;1
"Anden flyvning";"2016M08";1;1;1
"Anden flyvning";"2016M09";2;1;1
"Anden flyvning";"2016M10";1;1;1
"Anden flyvning";"2016M11";1;0;0
"Anden flyvning";"2016M12";1;0;1
"Anden flyvning";"2017M01";1;0;1
"Anden flyvning";"2017M02";1;0;0
"Anden flyvning";"2017M03";1;0;1
"Anden flyvning";"2017M04";1;0;1
"Anden flyvning";"2017M05";2;1;1
"Anden flyvning";"2017M06";2;1;1
"Anden flyvning";"2017M07";2;1;1
"Anden flyvning";"2017M08";2;1;1
"Anden flyvning";"2017M09";2;1;1
"Anden flyvning";"2017M10";1;0;1
"Anden flyvning";"2017M11";2;0;1
"Anden flyvning";"2017M12";1;0;1
"Anden flyvning";"2018M01";2;0;1
"Anden flyvning";"2018M02";1;1;1
"Anden flyvning";"2018M03";2;0;2
"Anden flyvning";"2018M04";3;0;2
"Anden flyvning";"2018M05";2;1;1
"Anden flyvning";"2018M06";2;1;1
"Anden flyvning";"2018M07";2;1;1
"Anden flyvning";"2018M08";2;1;1
"Anden flyvning";"2018M09";3;1;2
"Anden flyvning";"2018M10";3;0;2
"Anden flyvning";"2018M11";1;0;1
"Anden flyvning";"2018M12";0;0;0
"Anden flyvning";"2019M01";1;0;1
"Anden flyvning";"2019M02";1;0;1
"Anden flyvning";"2019M03";13;0;12
"Anden flyvning";"2019M04";2;0;2
"Anden flyvning";"2019M05";2;1;1
"Anden flyvning";"2019M06";2;1;1
"Anden flyvning";"2019M07";2;1;1
"Anden flyvning";"2019M08";2;1;1
"Anden flyvning";"2019M09";2;1;1
"Anden flyvning";"2019M10";2;1;2
"Anden flyvning";"2019M11";2;0;1
"Anden flyvning";"2019M12";2;1;1
"Anden flyvning";"2020M01";1;0;1
"Anden flyvning";"2020M02";1;0;1
"Anden flyvning";"2020M03";0;0;0
"Anden flyvning";"2020M04";1;0;0
"Anden flyvning";"2020M05";1;1;0
"Anden flyvning";"2020M06";1;1;0
"Anden flyvning";"2020M07";1;1;1
"Anden flyvning";"2020M08";2;1;1
"Anden flyvning";"2020M09";1;1;1
"Anden flyvning";"2020M10";1;0;0
"Anden flyvning";"2020M11";1;0;0
"Anden flyvning";"2020M12";0;0;0
"Anden flyvning";"2021M01";1;0;0
"Anden flyvning";"2021M02";1;0;0
"Anden flyvning";"2021M03";1;0;1
"Anden flyvning";"2021M04";1;1;1
"Anden flyvning";"2021M05";1;1;1
"Anden flyvning";"2021M06";2;1;1
"Anden flyvning";"2021M07";1;1;1
"Anden flyvning";"2021M08";2;1;1
"Anden flyvning";"2021M09";2;1;1
"Anden flyvning";"2021M10";1;1;1
"Anden flyvning";"2021M11";1;0;0
"Anden flyvning";"2021M12";1;0;1
"Anden flyvning";"2022M01";1;0;1
"Anden flyvning";"2022M02";2;0;1
"Anden flyvning";"2022M03";2;0;1
"Anden flyvning";"2022M04";2;0;1
"Anden flyvning";"2022M05";2;1;1
"Anden flyvning";"2022M06";3;1;2
"Anden flyvning";"2022M07";2;1;1
"Anden flyvning";"2022M08";2;1;1
"Anden flyvning";"2022M09";2;1;1
"Anden flyvning";"2022M10";2;1;1
"Anden flyvning";"2022M11";1;1;1
"Anden flyvning";"2022M12";1;0;1
"Anden flyvning";"2023M01";1;0;1
"Anden flyvning";"2023M02";1;0;1
"Anden flyvning";"2023M03";2;0;1
"Anden flyvning";"2023M04";2;1;1
"Anden flyvning";"2023M05";2;1;2
"Anden flyvning";"2023M06";2;1;1
"Anden flyvning";"2023M07";2;1;1
"Anden flyvning";"2023M08";2;1;1
"Anden flyvning";"2023M09";2;1;1
"Anden flyvning";"2023M10";3;1;1
"Anden flyvning";"2023M11";1;1;1
"Anden flyvning";"2023M12";1;0;0
"Anden flyvning";"2024M01";1;0;1
"Anden flyvning";"2024M02";1;0;1
"Anden flyvning";"2024M03";2;0;2
"Anden flyvning";"2024M04";1;0;1
"Anden flyvning";"2024M05";2;1;2
"Anden flyvning";"2024M06";2;1;1
"Anden flyvning";"2024M07";1;0;1
"Anden flyvning";"2024M08";1;1;1
"Anden flyvning";"2024M09";2;1;1
"Anden flyvning";"2024M10";2;0;1
"Anden flyvning";"2024M11";2;1;1
"Anden flyvning";"2024M12";2;0;1
